method,library,build_s,qps@0.9,qps@0.95,qps@0.99
annoy,BiocNeighbors,15.395,601.757130821998,601.757130821998,
annoy,RcppAnnoy,15.718,1534.21294875728,817.260542661001,436.262106273449
annoy,annsearchR,5.66600000000005,4608.29493087542,4608.29493087542,2287.28270814275
exhaustive,annsearchR,0.142,6134.96932515337,6134.96932515337,6134.96932515337
hnsw,BiocNeighbors,65.817,1805.70603105814,1805.70603105814,1805.70603105814
hnsw,RcppHNSW,67.397,5681.81818181821,4101.72272354391,2760.14352746344
hnsw,annsearchR,17.79,22883.2951945104,15772.8706624602,10030.0902708123
ivf,annsearchR,1.86400000000003,8658.00865800886,8658.00865800886,4604.05156537772
kd_tree,FNN,0,32.0235693470394,32.0235693470394,32.0235693470394
kd_tree,RANN,0,32.6008997848341,32.6008997848341,32.6008997848341
kmknn,BiocNeighbors,117.162,99.5361614874684,99.5361614874684,99.5361614874684
kmknn,annsearchR,1.812,670.780788838208,670.780788838208,670.780788838208
nndescent,annsearchR,15.442,15673.9811912217,15673.9811912217,5102.04081632644
nndescent,rnndescent,82.389,3691.39904023617,3331.11259160552,2509.41028858225
