library,method,threads_query,build_s,param,query_s,qps,recall
annsearchR,exhaustive,1,0.142,-,1.63,6134.96932515337,1
annsearchR,kmknn,1,1.812,-,14.908,670.780788838208,1
BiocNeighbors,kmknn,1,117.162,-,100.466,99.5361614874684,1
FNN,kd_tree,1,0,-,31.227,32.0235693470394,1
RANN,kd_tree,1,0,-,30.674,32.6008997848341,1
annsearchR,hnsw,1,17.79,ef=10,0.436999999999955,22883.2951945104,0.93305
annsearchR,hnsw,1,17.79,ef=20,0.634000000000015,15772.8706624602,0.97999
annsearchR,hnsw,1,17.79,ef=40,0.997000000000014,10030.0902708123,0.99423
annsearchR,hnsw,1,17.79,ef=80,1.58699999999999,6301.19722747326,0.99839
annsearchR,hnsw,1,17.79,ef=160,2.83800000000002,3523.60817477094,0.99928
annsearchR,hnsw,1,17.79,ef=320,4.43599999999998,2254.28313796214,0.99967
annsearchR,hnsw,1,17.79,ef=640,7.55699999999996,1323.27643244675,0.9999
RcppHNSW,hnsw,1,67.397,ef=10,1.75999999999999,5681.81818181821,0.93206
RcppHNSW,hnsw,1,67.397,ef=20,2.43799999999999,4101.72272354391,0.97924
RcppHNSW,hnsw,1,67.397,ef=40,3.62299999999999,2760.14352746344,0.99457
RcppHNSW,hnsw,1,67.397,ef=80,5.541,1804.72838837755,0.9984
RcppHNSW,hnsw,1,67.397,ef=160,8.65200000000004,1155.80212667591,0.99936
RcppHNSW,hnsw,1,67.397,ef=320,13.564,737.245650250662,0.99972
RcppHNSW,hnsw,1,67.397,ef=640,21.427,466.700891398703,0.99989
BiocNeighbors,hnsw,1,65.817,ef=80,5.53800000000001,1805.70603105814,0.9984
annsearchR,annoy,1,5.66600000000005,search_k=500,1.21900000000005,8203.44544708743,0.86706
annsearchR,annoy,1,5.66600000000005,search_k=1000,2.17000000000007,4608.29493087542,0.95854
annsearchR,annoy,1,5.66600000000005,search_k=2500,4.37199999999996,2287.28270814275,0.99396
annsearchR,annoy,1,5.66600000000005,search_k=5000,6.83699999999999,1462.6298083955,0.99871
annsearchR,annoy,1,5.66600000000005,search_k=10000,10.909,916.674305619214,0.99976
annsearchR,annoy,1,5.66600000000005,search_k=25000,20.711,482.835208343392,0.99995
annsearchR,annoy,1,5.66600000000005,search_k=50000,34.2030000000001,292.372014150805,0.99999
RcppAnnoy,annoy,1,15.718,search_k=500,6.51800000000003,1534.21294875728,0.90079
RcppAnnoy,annoy,1,15.718,search_k=1000,8.53800000000001,1171.23448114312,0.94496
RcppAnnoy,annoy,1,15.718,search_k=2500,12.236,817.260542661001,0.97698
RcppAnnoy,annoy,1,15.718,search_k=5000,16.4499999999999,607.902735562313,0.98964
RcppAnnoy,annoy,1,15.718,search_k=10000,22.922,436.262106273449,0.99597
RcppAnnoy,annoy,1,15.718,search_k=25000,37.4209999999999,267.229630421422,0.99911
RcppAnnoy,annoy,1,15.718,search_k=50000,59.281,168.688112548709,0.99981
BiocNeighbors,annoy,1,15.395,search_k=5000,16.6180000000001,601.757130821998,0.98817
annsearchR,ivf,1,1.86400000000003,nprobe=2,0.682000000000016,14662.7565982401,0.83044
annsearchR,ivf,1,1.86400000000003,nprobe=4,1.15499999999997,8658.00865800886,0.95123
annsearchR,ivf,1,1.86400000000003,nprobe=8,2.17199999999991,4604.05156537772,0.99132
annsearchR,ivf,1,1.86400000000003,nprobe=16,4.38499999999999,2280.50171037629,0.99888
annsearchR,ivf,1,1.86400000000003,nprobe=32,7.90999999999997,1264.22250316056,0.99993
annsearchR,ivf,1,1.86400000000003,nprobe=64,15.6030000000001,640.902390565914,1
annsearchR,ivf,1,1.86400000000003,nprobe=128,29.9889999999999,333.455600386809,1
annsearchR,nndescent,1,15.442,ef=10,0.638000000000034,15673.9811912217,0.95057
annsearchR,nndescent,1,15.442,ef=20,0.844999999999914,11834.3195266284,0.97126
annsearchR,nndescent,1,15.442,ef=40,1.18600000000004,8431.70320404697,0.98325
annsearchR,nndescent,1,15.442,ef=80,1.96000000000004,5102.04081632644,0.99277
annsearchR,nndescent,1,15.442,ef=160,3.27499999999998,3053.43511450384,0.99695
annsearchR,nndescent,1,15.442,ef=320,5.49200000000008,1820.83029861614,0.99887
annsearchR,nndescent,1,15.442,ef=640,9.27800000000002,1077.81849536538,0.99953
rnndescent,nndescent,1,82.389,epsilon=0.00,2.42700000000002,4120.31314379889,0.85512
rnndescent,nndescent,1,82.389,epsilon=0.02,2.69099999999992,3716.09067261253,0.89646
rnndescent,nndescent,1,82.389,epsilon=0.05,2.70900000000006,3691.39904023617,0.92789
rnndescent,nndescent,1,82.389,epsilon=0.10,3.00200000000007,3331.11259160552,0.96414
rnndescent,nndescent,1,82.389,epsilon=0.15,3.42800000000011,2917.15285880971,0.98373
rnndescent,nndescent,1,82.389,epsilon=0.20,3.9849999999999,2509.41028858225,0.9928
rnndescent,nndescent,1,82.389,epsilon=0.30,5.56000000000017,1798.56115107908,0.99864
