library,method,threads,build_s,query_s,recall,total_s
annsearchR,annoy,1,0.422,0.15,0.66184,0.572000000000001
BiocNeighbors,annoy,1,1.365,0.512999999999998,0.697933333333333,1.878
RcppAnnoy,annoy,1,1.76,0.543999999999999,0.683853333333333,2.304
annsearchR,annoy,10,0.0739999999999998,0.0220000000000002,0.66184,0.0960000000000001
BiocNeighbors,annoy,10,1.349,0.0689999999999991,0.697933333333333,1.418
annsearchR,exhaustive,1,0.005,0.398,1,0.403
annsearchR,exhaustive,10,0.00500000000000078,0.0630000000000006,1,0.0680000000000014
annsearchR,hnsw,1,2.832,0.0720000000000001,0.63032,2.904
BiocNeighbors,hnsw,1,3.968,0.103999999999999,0.578946666666667,4.072
RcppHNSW,hnsw,1,4.156,0.102,0.578946666666667,4.258
annsearchR,hnsw,10,0.354,0.0110000000000001,0.638026666666667,0.365
RcppHNSW,hnsw,10,0.590999999999999,0.0169999999999995,0.6594,0.607999999999999
BiocNeighbors,hnsw,10,3.838,0.0169999999999995,0.578946666666667,3.855
RANN,kd_tree,1,0,11.415,1,11.415
FNN,kd_tree,1,0,11.823,1,11.823
BiocNeighbors,kmknn,1,1.333,0.638,1,1.971
BiocNeighbors,kmknn,10,1.349,0.088000000000001,1,1.437
